{
  "hash": "962f8157",
  "browserHash": "47dea216",
  "optimized": {
    "@angular/common": {
      "src": "../../../../../node_modules/@angular/common/fesm2022/common.mjs",
      "file": "@angular_common.js",
      "fileHash": "4e0aac9c",
      "needsInterop": false
    },
    "@angular/core": {
      "src": "../../../../../node_modules/@angular/core/fesm2022/core.mjs",
      "file": "@angular_core.js",
      "fileHash": "8bc69fae",
      "needsInterop": false
    },
    "@angular/platform-browser": {
      "src": "../../../../../node_modules/@angular/platform-browser/fesm2022/platform-browser.mjs",
      "file": "@angular_platform-browser.js",
      "fileHash": "74a91e42",
      "needsInterop": false
    },
    "@angular/router": {
      "src": "../../../../../node_modules/@angular/router/fesm2022/router.mjs",
      "file": "@angular_router.js",
      "fileHash": "143e71f8",
      "needsInterop": false
    }
  },
  "chunks": {
    "chunk-NUIFYEZL": {
      "file": "chunk-NUIFYEZL.js"
    },
    "chunk-O6BBRG7T": {
      "file": "chunk-O6BBRG7T.js"
    },
    "chunk-Z2YNC7HK": {
      "file": "chunk-Z2YNC7HK.js"
    }
  }
}